parameter,value
g,0.28415711859881787
m,0.04
r_b,0.8208893959292479
c_b,0.5
r_c,1.3611936425745974
c_c,0.8
