parameter,value
g,0.144
m,0.006744668311493439
r_b,0.09
c_b,0.002050353181699836
r_c,0.27
c_c,0.005007491830785834
