parameter,value
g,0.28869844438669506
m,0.05
r_b,1.193839024686747
c_b,0.8
r_c,1.3837522990854656
c_c,0.8
