parameter,value
g,0.13581607378796573
m,8.603546626615099e-4
r_b,0.09607578064543389
c_b,0.00544343314879867
r_c,0.22057333655649108
c_c,1.7505316695983114e-5
