parameter,value
g,0.13581607378796573
m,8.603546626615099e-4
r_b,0.2276352778765477
c_b,0.0016
r_c,0.35849666311502826
c_c,0.0016
