parameter,value
g,0.16441527990403446
m,0.001
r_b,0.8172429954101454
c_b,0.3631106824517704
r_c,1.2186178438341655
c_c,0.5217864936011712
