parameter,value
g,0.16441527990403446
m,0.001
r_b,0.2879269505378924
c_b,0.004448713456560027
r_c,0.45080206793776345
c_c,0.005
