parameter,value
g,0.28869844438669506
m,0.05
r_b,0.28269179100017816
c_b,0.02
r_c,0.6251584641524442
c_c,0.1
