parameter,value
g,0.144
m,0.006098752744660102
r_b,0.09
c_b,0.001080156799982677
r_c,0.27
c_c,0.03575763969329472
