parameter,value
g,0.13034139920858442
m,0.001
r_b,1.0540749839502157
c_b,0.6495747944292137
r_c,0.5527595176662127
c_c,0.10030711728747173
