parameter,value
g,0.2742941260140615
m,0.03
r_b,0.5730896893813106
c_b,0.2
r_c,0.9732621524585712
c_c,0.3
