"Variable","Estimate","Std.error","Z","P"
"(Intercept)",-2.25302684480042,0.931168215985325,-2.41957017660483,0.0155388621221498
"dpiI",0.281113685478664,0.0618219226953664,4.54715209787116,5.43767022333496e-06
"dpiI:highN",0.0407312883853641,0.0558196153143423,0.72969489588902,0.465576701727694
"dpiI:highP",0.0605956385804445,0.0547104254161602,1.10757023217271,0.268047465280108
"dpiI:highN:highP",-0.0707232404897929,0.0784389695093486,-0.901633982855472,0.36725133267277
"Groups","Name","Std.Dev."
"set","(Intercept)","1.0313"
"Residual","","2.2347"
"N"
72
