"Variable","Estimate","Std.error","Z","P"
"(Intercept)",1.7793288060307,0.944544913900417,1.88379480937875,0.0595927359468746
"dpiI",0.178163536030494,0.0546748966336721,3.25859849766538,0.00111964001775159
"dpiI:highN",0.0519210822310949,0.0316293649311452,1.64154678236895,0.100683964271114
"dpiI:highP",0.0202244751229559,0.0339829088652912,0.595136667173667,0.551752120456276
"dpiI:highN:highP",-0.0423060259509451,0.0434335425733592,-0.974040417713805,0.330036471372348
"Groups","Name","Std.Dev."
"set","(Intercept)","0.74232"
"N"
72
