"Variable","Estimate","Std.error","Z","P"
"(Intercept)",-1.8030923120525,0.746586525447005,-2.4151149941702,0.0157302425766348
"dpiI",0.220504559598237,0.0492389466096026,4.47825501521257,7.5255669072553e-06
"dpiI:highN",0.0361506013405115,0.0444481487843372,0.813320741790947,0.416034187950167
"dpiI:highP",0.0469091067003516,0.0435679783773111,1.07668770614292,0.281619806474186
"dpiI:highN:highP",-0.0482951784752107,0.0624619462352622,-0.773193622454661,0.439407799930614
"Groups","Name","Std.Dev."
"set","(Intercept)","0.8354"
"Residual","","1.7796"
"N"
72
