"Variable","Estimate","Std.error","Z","P"
"(Intercept)",11.3509821087917,0.322086973984994,35.2419781786037,4.55305982777472e-272
"dpiI",0.0791886007769961,0.0224343883945322,3.52978647709853,0.000415895171305209
"dpiI:highN",0.0328923255092149,0.0188555491965129,1.74443741555392,0.0810828455208209
"dpiI:highP",0.00125343607187231,0.0186515431422304,0.0672028079561046,0.946420249754623
"dpiI:highN:highP",-0.000372504709028525,0.0258817661162427,-0.01439255371351,0.988516800051895
"Groups","Name","Std.Dev."
"set","(Intercept)","0.29718"
"Residual","","0.78591"
"N"
74
