"Variable","Estimate","Std.error","Z","P"
"(Intercept)",12.6752907190153,0.324137489947546,39.1046735169898,0
"dpiI",0.0971871212552563,0.0231858937767756,4.19164868910962,2.76934596874995e-05
"dpiI:highN",0.00828898458998633,0.0194857944105651,0.425386023034919,0.670555293314178
"dpiI:highP",-0.00855627138284318,0.0192733496339106,-0.443943141455224,0.657083692611959
"dpiI:highN:highP",0.00215289387004547,0.0267476454543394,0.0804890985160041,0.935848266228499
"Groups","Name","Std.Dev."
"set","(Intercept)","0.27793"
"Residual","","0.81216"
"N"
74
