"Variable","Estimate","Std.error","Z","P"
"(Intercept)",12.3673168018199,0.227464911599797,54.3702178715767,0
"dpiI",0.0418033985610433,0.0143243628569177,2.91834261520784,0.00351897465907579
"dpiI:highN",0.0070701190317568,0.0111378171327456,0.63478498053002,0.525568660292442
"dpiI:highP",-0.00144783460456126,0.0112728906496705,-0.128435079302714,0.897804671760551
"dpiI:highN:highP",0.0119437101194021,0.0150419198043551,0.794028307207435,0.427178952200149
"Groups","Name","Std.Dev."
"set","(Intercept)","0.18567"
"N"
74
